field,question
medical,What are these tiny hairs they are everywhere..
medical,Is this normal for paronychia?.
medical,Is this burn from a clothing steamer worth a hospital trip? Hurts like hell….
medical,What are these tiny hairs they are everywhere..
medical,"Can you get an STD from sitting on public sitting spaces (bus, train, boat coffee shop, etc)?."
medical,"Can you get an STD from sitting on public sitting spaces (bus, train, boat coffee shop, etc)?."
medical,what are these tiny unitchy spots.
medical,It hurts. What is this?.
medical,What are these tiny hairs they are everywhere..
medical,I’m almost 18 years old and I’m starting to forget words more and more often. Help.
medical,I got bit in the balls by a dog. what should I do?.
medical,What are these tiny hairs they are everywhere..
medical,Is this eczema?.I’ve had it my whole life and it never went away even with prescribed creams
medical,Red pimple feeling lump near armpit.
medical,"Can you get an STD from sitting on public sitting spaces (bus, train, boat coffee shop, etc)?."
medical,"Can you get an STD from sitting on public sitting spaces (bus, train, boat coffee shop, etc)?."
medical,What are these tiny hairs they are everywhere..
medical,"Can you get an STD from sitting on public sitting spaces (bus, train, boat coffee shop, etc)?."
medical,Sudden hand pain?.
medical,What is this? And it’s spreading.It was on my feet for few weeks now it’s on my leg too.
medical,is it safe for a 15 year old with no heart problems to drink a pepsi and a monster.
medical,Dry skin or something else? Help.
medical,"Help.Okay seriously, how do i get rid of blackheads?"
medical,Is this burn from a clothing steamer worth a hospital trip? Hurts like hell….
medical,I’m almost 18 years old and I’m starting to forget words more and more often. Help.
medical,What is this lump.Its a red lump that appeared for no reason its hard and painful.
medical,what are these tiny unitchy spots.
medical,"Huge (cyst??) on my thigh, irritated by even walking at this point, looking for advice."
medical,"Can you get an STD from sitting on public sitting spaces (bus, train, boat coffee shop, etc)?."
medical,Is this burn from a clothing steamer worth a hospital trip? Hurts like hell….
medical,Dry skin or something else? Help.
medical,why am i always exhausted no matter how much sleep i get?.
medical,(Male 21 years old) does anyone know what these these marks are.
medical,What is the worst/strangest survival story you have seen in the medical field?.
medical,Its getting worse and I cant get to the doctor until next week.
medical,Dry skin or something else? Help.
medical,why am i always exhausted no matter how much sleep i get?.
medical,Dry skin or something else? Help.
medical,"What is this lump on my back?.It’s squishy, I’m 31, 186 pounds. Physically fit. No pain"
medical,why am i always exhausted no matter how much sleep i get?.
medical,Ringworm or eczema?.Dermatologist told me eczema can GP told me me ringworm
medical,"Huge (cyst??) on my thigh, irritated by even walking at this point, looking for advice."
medical,Is this burn from a clothing steamer worth a hospital trip? Hurts like hell….
medical,"What is this lump on my back?.It’s squishy, I’m 31, 186 pounds. Physically fit. No pain"
medical,"Huge (cyst??) on my thigh, irritated by even walking at this point, looking for advice."
medical,Is this burn from a clothing steamer worth a hospital trip? Hurts like hell….
medical,"Dark spot on finger.Anyone know what this is, should i be worried?"
medical,Is this nail fungus? How can I get rid of it?.
medical,Dry skin or something else? Help.
medical,What are these tiny hairs they are everywhere..
medical,Any idea what this nodule could be?.
medical,(Male 21 years old) does anyone know what these these marks are.
medical,what are these tiny unitchy spots.
medical,"Can you get an STD from sitting on public sitting spaces (bus, train, boat coffee shop, etc)?."
medical,What could this rash be?.
medical,(Male 21 years old) does anyone know what these these marks are.
medical,Is this burn from a clothing steamer worth a hospital trip? Hurts like hell….
medical,"Can you get an STD from sitting on public sitting spaces (bus, train, boat coffee shop, etc)?."
medical,"Can you get an STD from sitting on public sitting spaces (bus, train, boat coffee shop, etc)?."
medical,why am i always exhausted no matter how much sleep i get?.
medical,"Huge (cyst??) on my thigh, irritated by even walking at this point, looking for advice."
medical,"Huge (cyst??) on my thigh, irritated by even walking at this point, looking for advice."
medical,What are these tiny hairs they are everywhere..
medical,What are these tiny hairs they are everywhere..
medical,Is this nail fungus? How can I get rid of it?.
medical,Do EpiPens have any relation to microorganisms.
medical,"Huge (cyst??) on my thigh, irritated by even walking at this point, looking for advice."
medical,"Can you get an STD from sitting on public sitting spaces (bus, train, boat coffee shop, etc)?."
medical,Red pimple feeling lump near armpit.
medical,"Can you get an STD from sitting on public sitting spaces (bus, train, boat coffee shop, etc)?."
medical,Anybody know what this is? It just popped up yesterday and it doesn't hurt or itch..
medical,why am i always exhausted no matter how much sleep i get?.
medical,What are these tiny hairs they are everywhere..
medical,Can anyone explain my CT to me? MRI in the morning 28F.
medical,What are these tiny hairs they are everywhere..
medical,Do EpiPens have any relation to microorganisms.
medical,"Huge (cyst??) on my thigh, irritated by even walking at this point, looking for advice."
medical,(Male 21 years old) does anyone know what these these marks are.
medical,"Can you get an STD from sitting on public sitting spaces (bus, train, boat coffee shop, etc)?."
medical,What are these tiny hairs they are everywhere..
medical,What are these tiny hairs they are everywhere..
medical,"Anyone know what this is?.It’s been on my arm for a while now, maybe a few months."
medical,What are these tiny hairs they are everywhere..
medical,Is this oral hairy leukoplakia?.
medical,Is this burn from a clothing steamer worth a hospital trip? Hurts like hell….
medical,Do EpiPens have any relation to microorganisms.
medical,"Can you get an STD from sitting on public sitting spaces (bus, train, boat coffee shop, etc)?."
medical,"Can you get an STD from sitting on public sitting spaces (bus, train, boat coffee shop, etc)?."
medical,why am i always exhausted no matter how much sleep i get?.
medical,[28] Dryness on penis recurring almost weekly.
medical,Dizziness when popping back.Why do I get dizzy and faint sometimes when I pop my back?
medical,"did a lab with an ecg portion, is this normal?."
medical,Waking up with body aches in the morning especially in fingers and legs. What is the cause? 23M.
medical,"did a lab with an ecg portion, is this normal?."
medical,"Can you get an STD from sitting on public sitting spaces (bus, train, boat coffee shop, etc)?."
medical,How much money would I receive for my Gall Bladder?.
medical,Why is my big toe yellow? Should i be worried?.
medical,Red pimple feeling lump near armpit.
medical,Do EpiPens have any relation to microorganisms.
medical,What are these tiny hairs they are everywhere..
